{
  "translation": {
    "base_model": {
      "bleu": 25.77889010433358,
      "rouge1": 34.17704248092498,
      "rouge2": 19.150298977337087,
      "rougeL": 30.67494050756444,
      "bert_precision": 90.57914018630981,
      "bert_recall": 91.59805178642273,
      "bert_f1": 91.0641074180603
    },
    "finetuned_model": {
      "bleu": 25.57175108111025,
      "rouge1": 35.92872440066219,
      "rouge2": 21.09343573627048,
      "rougeL": 32.992848832103775,
      "bert_precision": 91.68983697891235,
      "bert_recall": 91.68696999549866,
      "bert_f1": 91.67112112045288
    }
  },
  "summarization": {
    "base_model": {
      "bleu": 3.51950910537326,
      "rouge1": 11.452732777126409,
      "rouge2": 2.7764013881804797,
      "rougeL": 6.8399189246606555,
      "bert_precision": 70.04069089889526,
      "bert_recall": 76.85654759407043,
      "bert_f1": 73.24672341346741
    },
    "finetuned_model": {
      "bleu": 5.875945129346064,
      "rouge1": 30.10329967219339,
      "rouge2": 8.322526646418996,
      "rougeL": 19.361593100537192,
      "bert_precision": 83.22809338569641,
      "bert_recall": 83.08773040771484,
      "bert_f1": 83.10815095901489
    }
  }
}