{
  "translation": {
    "v5微调Granite-1B": {
      "bleu": 0.0,
      "rouge1": 57.135468868904425,
      "rouge2": 40.07456135418705,
      "rougeL": 53.91012721493266,
      "bert_precision": 93.79971027374268,
      "bert_recall": 93.81580948829651,
      "bert_f1": 93.8000738620758
    },
    "Qwen3-4B": {
      "bleu": 0.0,
      "rouge1": 52.55680534030487,
      "rouge2": 33.49304802909954,
      "rougeL": 49.281979586827376,
      "bert_precision": 94.12009119987488,
      "bert_recall": 94.26411390304565,
      "bert_f1": 94.18544173240662
    }
  },
  "summarization": {
    "v5微调Granite-1B": {
      "bleu": 0.0,
      "rouge1": 34.91462991989513,
      "rouge2": 14.062117032543972,
      "rougeL": 30.08731949017896,
      "bert_precision": 87.08471059799194,
      "bert_recall": 87.23446130752563,
      "bert_f1": 87.11602687835693
    },
    "Qwen3-4B": {
      "bleu": 2.1623933422228174,
      "rouge1": 21.220201071387287,
      "rouge2": 7.897788072911961,
      "rougeL": 19.160927563900316,
      "bert_precision": 77.68661975860596,
      "bert_recall": 82.53286480903625,
      "bert_f1": 79.97905015945435
    }
  }
}