{
  "translation": {
    "base_model": {
      "bleu": 33.899847885484256,
      "rouge1": 51.222651222651216,
      "rouge2": 29.408766564729866,
      "rougeL": 45.849420849420845,
      "bert_precision": 88.89658451080322,
      "bert_recall": 89.51646089553833,
      "bert_f1": 89.20459151268005
    }
  },
  "summarization": {
    "base_model": {
      "bleu": 0.12737174343935925,
      "rouge1": 2.631578947368421,
      "rouge2": 0.0,
      "rougeL": 2.631578947368421,
      "bert_precision": 65.73952436447144,
      "bert_recall": 75.82942843437195,
      "bert_f1": 70.42491436004639
    }
  }
}