{
  "base_model": {
    "bleu": 41.448819471760274,
    "rouge1": 48.14877169928104,
    "rouge2": 31.030062282535276,
    "rougeL": 45.74361998638673,
    "bert_precision": 75.10673999786377,
    "bert_recall": 78.96782159805298,
    "bert_f1": 76.81017518043518
  },
  "finetuned_model": {
    "bleu": 60.665986420190535,
    "rouge1": 72.49732393265629,
    "rouge2": 53.67697628631723,
    "rougeL": 70.12279615927159,
    "bert_precision": 87.1501088142395,
    "bert_recall": 86.43114566802979,
    "bert_f1": 86.7738425731659
  }
}