{
  "translation": {
    "base_model": {
      "bleu": 25.77889010433358,
      "rouge1": 52.487176299927874,
      "rouge2": 28.77954610021965,
      "rougeL": 45.969472131099856,
      "bert_precision": 90.56089520454407,
      "bert_recall": 92.0505940914154,
      "bert_f1": 91.2729799747467
    },
    "finetuned_model": {
      "bleu": 25.57175108111025,
      "rouge1": 55.15837340414135,
      "rouge2": 32.28950272443935,
      "rougeL": 49.78857906406313,
      "bert_precision": 92.53891706466675,
      "bert_recall": 92.2484278678894,
      "bert_f1": 92.374187707901
    }
  }
}