{
  "translation": {
    "base_model": {
      "bleu": 30.326532985631665,
      "rouge1": 48.919395297691324,
      "rouge2": 30.108984335754606,
      "rougeL": 45.53650549903685,
      "bert_precision": 92.59011745452881,
      "bert_recall": 93.06074380874634,
      "bert_f1": 92.80778765678406
    },
    "finetuned_model": {
      "bleu": 39.68502629920499,
      "rouge1": 57.135468868904425,
      "rouge2": 40.07456135418705,
      "rougeL": 53.91012721493266,
      "bert_precision": 93.79971027374268,
      "bert_recall": 93.81580948829651,
      "bert_f1": 93.8000738620758
    }
  },
  "summarization": {
    "base_model": {
      "bleu": 21.50431113003491,
      "rouge1": 16.38248274973543,
      "rouge2": 6.714470857394726,
      "rougeL": 14.598437393514974,
      "bert_precision": 76.81013345718384,
      "bert_recall": 80.49307465553284,
      "bert_f1": 78.49506735801697
    },
    "finetuned_model": {
      "bleu": 37.63716282162625,
      "rouge1": 34.91462991989513,
      "rouge2": 14.062117032543972,
      "rougeL": 30.08731949017896,
      "bert_precision": 87.08471059799194,
      "bert_recall": 87.23446130752563,
      "bert_f1": 87.11602687835693
    }
  }
}