{
  "base_model": {
    "bleu": 61.274514195397636,
    "rouge1": 48.0286251142535,
    "rouge2": 34.711856890945285,
    "rougeL": 45.51997051876934,
    "bert_precision": 74.51649308204651,
    "bert_recall": 78.90049815177917,
    "bert_f1": 76.45118236541748
  },
  "finetuned_model": {
    "bleu": 75.15874270796287,
    "rouge1": 61.57436613744146,
    "rouge2": 45.16531511879152,
    "rougeL": 59.57386820731687,
    "bert_precision": 86.41389608383179,
    "bert_recall": 85.74191331863403,
    "bert_f1": 86.06055974960327
  }
}