{
  "translation": {
    "base_model": {
      "bleu": 17.965205598154213,
      "rouge1": 13.803794992175275,
      "rouge2": 8.436066263143818,
      "rougeL": 13.6570813771518,
      "bert_precision": 77.77047157287598,
      "bert_recall": 78.47314476966858,
      "bert_f1": 78.04785966873169
    },
    "finetuned_model": {
      "bleu": 17.286039232097053,
      "rouge1": 14.532354382706497,
      "rouge2": 8.635840073378345,
      "rougeL": 14.30464195428984,
      "bert_precision": 78.1808853149414,
      "bert_recall": 78.26067805290222,
      "bert_f1": 78.15374732017517
    }
  }
}